"SNP","chrom","chromStart","chromStart","DNAse1_Name","chrom","chromStart","chromEnd","score","sourceCount"
"rs7929725","chr11",47881739,47881739,1,"chr11",47857040,47857190,130,1
"rs7929725","chr11",47881739,47881739,1,"chr11",47858420,47858570,138,1
"rs7929725","chr11",47881739,47881739,1,"chr11",47859785,47859935,132,1
"rs7929725","chr11",47881739,47881739,1,"chr11",47861085,47861235,118,1
"rs7929725","chr11",47881739,47881739,1,"chr11",47861280,47861430,202,1
"rs7929725","chr11",47881739,47881739,1,"chr11",47862500,47862650,152,1
"rs7929725","chr11",47881739,47881739,1,"chr11",47863040,47863190,152,1
"rs7929725","chr11",47881739,47881739,1,"chr11",47863700,47863850,176,1
"rs7929725","chr11",47881739,47881739,3,"chr11",47865000,47865150,277,3
"rs7929725","chr11",47881739,47881739,4,"chr11",47865240,47865390,277,4
"rs7929725","chr11",47881739,47881739,21,"chr11",47865880,47866030,452,21
"rs7929725","chr11",47881739,47881739,3,"chr11",47866040,47866190,180,3
"rs7929725","chr11",47881739,47881739,2,"chr11",47866440,47866590,190,2
"rs7929725","chr11",47881739,47881739,2,"chr11",47867060,47867210,134,2
"rs7929725","chr11",47881739,47881739,2,"chr11",47867380,47867530,163,2
"rs7929725","chr11",47881739,47881739,1,"chr11",47867920,47868070,154,1
"rs7929725","chr11",47881739,47881739,6,"chr11",47868665,47868815,191,6
"rs7929725","chr11",47881739,47881739,3,"chr11",47868925,47869075,167,3
"rs7929725","chr11",47881739,47881739,5,"chr11",47869165,47869315,430,5
"rs7929725","chr11",47881739,47881739,57,"chr11",47869420,47869690,536,57
"rs7929725","chr11",47881739,47881739,106,"chr11",47869880,47870030,549,106
"rs7929725","chr11",47881739,47881739,74,"chr11",47870080,47870230,536,74
"rs7929725","chr11",47881739,47881739,12,"chr11",47870320,47870470,453,12
"rs7929725","chr11",47881739,47881739,3,"chr11",47870600,47870750,350,3
"rs7929725","chr11",47881739,47881739,1,"chr11",47870865,47871015,134,1
"rs7929725","chr11",47881739,47881739,2,"chr11",47871565,47871715,155,2
"rs7929725","chr11",47881739,47881739,20,"chr11",47872040,47872190,416,20
"rs7929725","chr11",47881739,47881739,3,"chr11",47873365,47873515,176,3
"rs7929725","chr11",47881739,47881739,6,"chr11",47873740,47873890,260,6
"rs7929725","chr11",47881739,47881739,4,"chr11",47873965,47874115,167,4
"rs7929725","chr11",47881739,47881739,10,"chr11",47874305,47874455,183,10
"rs7929725","chr11",47881739,47881739,115,"chr11",47875000,47875150,452,115
"rs7929725","chr11",47881739,47881739,9,"chr11",47875400,47875550,401,9
"rs7929725","chr11",47881739,47881739,1,"chr11",47875780,47875930,401,1
"rs7929725","chr11",47881739,47881739,1,"chr11",47875965,47876115,127,1
"rs7929725","chr11",47881739,47881739,12,"chr11",47876340,47876490,409,12
"rs7929725","chr11",47881739,47881739,1,"chr11",47877220,47877370,133,1
"rs7929725","chr11",47881739,47881739,39,"chr11",47877860,47878010,458,39
"rs7929725","chr11",47881739,47881739,8,"chr11",47879220,47879370,570,8
"rs7929725","chr11",47881739,47881739,12,"chr11",47879440,47879590,400,12
"rs7929725","chr11",47881739,47881739,47,"chr11",47879640,47879790,651,47
"rs7929725","chr11",47881739,47881739,68,"chr11",47879800,47879950,570,68
"rs7929725","chr11",47881739,47881739,9,"chr11",47879960,47880110,226,9
"rs7929725","chr11",47881739,47881739,10,"chr11",47881240,47881390,278,10
"rs7929725","chr11",47881739,47881739,2,"chr11",47881600,47881750,278,2
"rs7929725","chr11",47881739,47881739,1,"chr11",47882000,47882150,121,1
"rs7929725","chr11",47881739,47881739,3,"chr11",47882220,47882370,150,3
"rs7929725","chr11",47881739,47881739,17,"chr11",47883300,47883450,349,17
"rs7929725","chr11",47881739,47881739,57,"chr11",47883480,47883630,463,57
"rs7929725","chr11",47881739,47881739,1,"chr11",47883960,47884110,174,1
"rs7929725","chr11",47881739,47881739,6,"chr11",47884600,47884750,387,6
"rs7929725","chr11",47881739,47881739,74,"chr11",47884860,47885150,630,74
"rs7929725","chr11",47881739,47881739,5,"chr11",47885340,47885490,592,5
"rs7929725","chr11",47881739,47881739,8,"chr11",47885600,47885750,535,8
"rs7929725","chr11",47881739,47881739,2,"chr11",47885900,47886050,350,2
"rs7929725","chr11",47881739,47881739,2,"chr11",47886160,47886310,535,2
"rs7929725","chr11",47881739,47881739,29,"chr11",47886580,47886730,285,29
"rs7929725","chr11",47881739,47881739,21,"chr11",47886760,47886910,535,21
"rs7929725","chr11",47881739,47881739,3,"chr11",47888520,47888670,294,3
"rs7929725","chr11",47881739,47881739,17,"chr11",47889480,47889630,312,17
"rs7929725","chr11",47881739,47881739,1,"chr11",47890260,47890410,170,1
"rs7929725","chr11",47881739,47881739,1,"chr11",47890760,47890910,450,1
"rs7929725","chr11",47881739,47881739,20,"chr11",47891180,47891330,372,20
"rs7929725","chr11",47881739,47881739,26,"chr11",47891400,47891550,450,26
"rs7929725","chr11",47881739,47881739,4,"chr11",47891645,47891795,197,4
"rs7929725","chr11",47881739,47881739,1,"chr11",47891925,47892075,197,1
"rs7929725","chr11",47881739,47881739,2,"chr11",47893065,47893215,125,2
"rs7929725","chr11",47881739,47881739,1,"chr11",47893865,47894015,137,1
"rs7929725","chr11",47881739,47881739,1,"chr11",47894025,47894175,116,1
"rs7929725","chr11",47881739,47881739,1,"chr11",47894660,47894810,121,1
"rs7929725","chr11",47881739,47881739,1,"chr11",47894960,47895110,220,1
"rs7929725","chr11",47881739,47881739,11,"chr11",47897540,47897690,231,11
"rs7929725","chr11",47881739,47881739,4,"chr11",47900880,47901030,387,4
"rs7929725","chr11",47881739,47881739,6,"chr11",47901045,47901195,307,6
"rs7929725","chr11",47881739,47881739,3,"chr11",47901320,47901470,266,3
"rs7929725","chr11",47881739,47881739,15,"chr11",47901540,47901690,387,15
"rs7929725","chr11",47881739,47881739,12,"chr11",47902720,47902870,334,12
"rs7929725","chr11",47881739,47881739,12,"chr11",47902880,47903030,192,12
"rs7929725","chr11",47881739,47881739,1,"chr11",47905525,47905675,145,1
"rs7929725","chr11",47881739,47881739,1,"chr11",47906240,47906390,127,1
"rs7929725","chr11",47881739,47881739,1,"chr11",47906465,47906615,123,1
