"SNP","chrom","chromStart","chromStart","TF_Name","chrom","chromStart","chromEnd","score"
"rs7929725","chr11",47881739,47881739,"POLR2A","chr11",47858765,47859401,267
"rs7929725","chr11",47881739,47881739,"MAFK","chr11",47858774,47859197,1000
"rs7929725","chr11",47881739,47881739,"MAFF","chr11",47858854,47859148,578
"rs7929725","chr11",47881739,47881739,"STAT1","chr11",47859690,47860166,165
"rs7929725","chr11",47881739,47881739,"POLR2A","chr11",47859877,47860021,307
"rs7929725","chr11",47881739,47881739,"POLR2A","chr11",47865502,47866052,280
"rs7929725","chr11",47881739,47881739,"YY1","chr11",47866323,47866639,230
"rs7929725","chr11",47881739,47881739,"CHD1","chr11",47868343,47868847,168
"rs7929725","chr11",47881739,47881739,"TEAD4","chr11",47868457,47868897,187
"rs7929725","chr11",47881739,47881739,"TBP","chr11",47868526,47868886,116
"rs7929725","chr11",47881739,47881739,"MXI1","chr11",47868557,47868957,233
"rs7929725","chr11",47881739,47881739,"EGR1","chr11",47869155,47869238,427
"rs7929725","chr11",47881739,47881739,"CHD1","chr11",47869197,47869956,304
"rs7929725","chr11",47881739,47881739,"E2F1","chr11",47869201,47870053,1000
"rs7929725","chr11",47881739,47881739,"ATF3","chr11",47869227,47869711,205
"rs7929725","chr11",47881739,47881739,"SIN3AK20","chr11",47869240,47870313,290
"rs7929725","chr11",47881739,47881739,"USF2","chr11",47869259,47869549,157
"rs7929725","chr11",47881739,47881739,"MXI1","chr11",47869323,47870370,353
"rs7929725","chr11",47881739,47881739,"POLR2A","chr11",47869341,47870473,1000
"rs7929725","chr11",47881739,47881739,"STAT1","chr11",47869376,47869852,288
"rs7929725","chr11",47881739,47881739,"MYC","chr11",47869377,47870207,650
"rs7929725","chr11",47881739,47881739,"TCF12","chr11",47869383,47869959,257
"rs7929725","chr11",47881739,47881739,"MAX","chr11",47869385,47870225,584
"rs7929725","chr11",47881739,47881739,"YY1","chr11",47869390,47870032,1000
"rs7929725","chr11",47881739,47881739,"E2F6","chr11",47869454,47869543,180
"rs7929725","chr11",47881739,47881739,"PHF8","chr11",47869485,47870459,1000
"rs7929725","chr11",47881739,47881739,"HDAC1","chr11",47869506,47870030,336
"rs7929725","chr11",47881739,47881739,"HDAC2","chr11",47869514,47869864,219
"rs7929725","chr11",47881739,47881739,"REST","chr11",47869517,47870080,1000
"rs7929725","chr11",47881739,47881739,"SAP30","chr11",47869521,47870031,137
"rs7929725","chr11",47881739,47881739,"RBBP5","chr11",47869525,47870195,401
"rs7929725","chr11",47881739,47881739,"SIN3A","chr11",47869531,47870312,479
"rs7929725","chr11",47881739,47881739,"E2F6","chr11",47869545,47870055,591
"rs7929725","chr11",47881739,47881739,"PML","chr11",47869562,47870078,664
"rs7929725","chr11",47881739,47881739,"RELA","chr11",47869587,47870564,288
"rs7929725","chr11",47881739,47881739,"TCF7L2","chr11",47869595,47870391,1000
"rs7929725","chr11",47881739,47881739,"GTF2F1","chr11",47869598,47870234,174
"rs7929725","chr11",47881739,47881739,"TBL1XR1","chr11",47869607,47870251,194
"rs7929725","chr11",47881739,47881739,"TAF1","chr11",47869613,47870335,1000
"rs7929725","chr11",47881739,47881739,"E2F4","chr11",47869616,47870076,545
"rs7929725","chr11",47881739,47881739,"TBP","chr11",47869646,47870203,449
"rs7929725","chr11",47881739,47881739,"HMGN3","chr11",47869656,47870152,191
"rs7929725","chr11",47881739,47881739,"TAF7","chr11",47869667,47870034,358
"rs7929725","chr11",47881739,47881739,"KDM5A","chr11",47869670,47869974,363
"rs7929725","chr11",47881739,47881739,"KDM5B","chr11",47869673,47870059,913
"rs7929725","chr11",47881739,47881739,"IRF1","chr11",47869673,47870162,302
"rs7929725","chr11",47881739,47881739,"MAZ","chr11",47869674,47870339,392
"rs7929725","chr11",47881739,47881739,"ETS1","chr11",47869696,47870086,210
"rs7929725","chr11",47881739,47881739,"POU2F2","chr11",47869699,47870019,252
"rs7929725","chr11",47881739,47881739,"CHD2","chr11",47869701,47870173,232
"rs7929725","chr11",47881739,47881739,"GABPA","chr11",47869716,47870114,1000
"rs7929725","chr11",47881739,47881739,"ELK4","chr11",47869721,47870197,264
"rs7929725","chr11",47881739,47881739,"CCNT2","chr11",47869732,47870188,200
"rs7929725","chr11",47881739,47881739,"BRCA1","chr11",47869733,47870037,196
"rs7929725","chr11",47881739,47881739,"ELK1","chr11",47869733,47870134,796
"rs7929725","chr11",47881739,47881739,"CEBPD","chr11",47869735,47870011,174
"rs7929725","chr11",47881739,47881739,"JUND","chr11",47869747,47870027,240
"rs7929725","chr11",47881739,47881739,"FOXP2","chr11",47869752,47870056,216
"rs7929725","chr11",47881739,47881739,"CREB1","chr11",47869755,47870035,848
"rs7929725","chr11",47881739,47881739,"SP1","chr11",47869776,47870273,216
"rs7929725","chr11",47881739,47881739,"PAX5","chr11",47869779,47870059,118
"rs7929725","chr11",47881739,47881739,"RFX5","chr11",47869781,47870130,187
"rs7929725","chr11",47881739,47881739,"SRF","chr11",47869788,47870012,218
"rs7929725","chr11",47881739,47881739,"SIX5","chr11",47869792,47870028,105
"rs7929725","chr11",47881739,47881739,"WRNIP1","chr11",47869792,47870192,128
"rs7929725","chr11",47881739,47881739,"ELF1","chr11",47869793,47870080,1000
"rs7929725","chr11",47881739,47881739,"EP300","chr11",47869813,47870183,159
"rs7929725","chr11",47881739,47881739,"RCOR1","chr11",47869820,47870204,257
"rs7929725","chr11",47881739,47881739,"TEAD4","chr11",47869821,47870071,252
"rs7929725","chr11",47881739,47881739,"ZEB1","chr11",47869839,47870117,583
"rs7929725","chr11",47881739,47881739,"TFAP2A","chr11",47869843,47870574,450
"rs7929725","chr11",47881739,47881739,"TFAP2C","chr11",47869848,47870577,437
"rs7929725","chr11",47881739,47881739,"RUNX3","chr11",47869856,47869959,325
"rs7929725","chr11",47881739,47881739,"ZKSCAN1","chr11",47869921,47870297,322
"rs7929725","chr11",47881739,47881739,"CTCF","chr11",47869969,47870495,504
"rs7929725","chr11",47881739,47881739,"SMARCC1","chr11",47869971,47870916,217
"rs7929725","chr11",47881739,47881739,"ZBTB7A","chr11",47870019,47870423,174
"rs7929725","chr11",47881739,47881739,"SMC3","chr11",47870085,47870345,315
"rs7929725","chr11",47881739,47881739,"RAD21","chr11",47870109,47870362,380
"rs7929725","chr11",47881739,47881739,"POLR2A","chr11",47871730,47872300,507
"rs7929725","chr11",47881739,47881739,"NFIC","chr11",47871830,47872426,326
"rs7929725","chr11",47881739,47881739,"ELF1","chr11",47871838,47872202,162
"rs7929725","chr11",47881739,47881739,"ATF2","chr11",47871844,47872364,376
"rs7929725","chr11",47881739,47881739,"RELA","chr11",47871936,47872306,200
"rs7929725","chr11",47881739,47881739,"POU2F2","chr11",47871940,47872260,359
"rs7929725","chr11",47881739,47881739,"SPI1","chr11",47871947,47872151,866
"rs7929725","chr11",47881739,47881739,"RUNX3","chr11",47871959,47872227,1000
"rs7929725","chr11",47881739,47881739,"MEF2A","chr11",47871979,47872269,244
"rs7929725","chr11",47881739,47881739,"BRF2","chr11",47873281,47873537,93
"rs7929725","chr11",47881739,47881739,"JUND","chr11",47873531,47873948,255
"rs7929725","chr11",47881739,47881739,"JUN","chr11",47873537,47873877,183
"rs7929725","chr11",47881739,47881739,"GTF3C2","chr11",47874414,47874770,152
"rs7929725","chr11",47881739,47881739,"TCF7L2","chr11",47874753,47875349,195
"rs7929725","chr11",47881739,47881739,"GTF2F1","chr11",47874862,47875318,143
"rs7929725","chr11",47881739,47881739,"ARID3A","chr11",47874904,47875284,241
"rs7929725","chr11",47881739,47881739,"CTCF","chr11",47874922,47875611,1000
"rs7929725","chr11",47881739,47881739,"RFX5","chr11",47874923,47875253,429
"rs7929725","chr11",47881739,47881739,"SMC3","chr11",47874932,47875229,679
"rs7929725","chr11",47881739,47881739,"JUND","chr11",47874936,47875256,147
"rs7929725","chr11",47881739,47881739,"RAD21","chr11",47874955,47875229,1000
"rs7929725","chr11",47881739,47881739,"CEBPB","chr11",47875001,47875265,288
"rs7929725","chr11",47881739,47881739,"PAX5","chr11",47875079,47875672,342
"rs7929725","chr11",47881739,47881739,"RELA","chr11",47875238,47875654,214
"rs7929725","chr11",47881739,47881739,"RUNX3","chr11",47875264,47875634,276
"rs7929725","chr11",47881739,47881739,"GTF3C2","chr11",47875473,47875829,166
"rs7929725","chr11",47881739,47881739,"NFATC1","chr11",47876125,47876721,418
"rs7929725","chr11",47881739,47881739,"CEBPB","chr11",47876182,47876698,236
"rs7929725","chr11",47881739,47881739,"PAX5","chr11",47876231,47876611,186
"rs7929725","chr11",47881739,47881739,"BCL3","chr11",47876252,47876608,143
"rs7929725","chr11",47881739,47881739,"IRF4","chr11",47876254,47876584,177
"rs7929725","chr11",47881739,47881739,"RELA","chr11",47876255,47876666,558
"rs7929725","chr11",47881739,47881739,"EP300","chr11",47876267,47876639,327
"rs7929725","chr11",47881739,47881739,"MEF2A","chr11",47876288,47876578,226
"rs7929725","chr11",47881739,47881739,"NFIC","chr11",47876309,47876623,487
"rs7929725","chr11",47881739,47881739,"SPI1","chr11",47876313,47876545,1000
"rs7929725","chr11",47881739,47881739,"BCL11A","chr11",47876316,47876596,168
"rs7929725","chr11",47881739,47881739,"RUNX3","chr11",47876326,47876602,1000
"rs7929725","chr11",47881739,47881739,"ATF2","chr11",47876338,47876566,444
"rs7929725","chr11",47881739,47881739,"FOXM1","chr11",47876340,47876558,375
"rs7929725","chr11",47881739,47881739,"MTA3","chr11",47876369,47876567,394
"rs7929725","chr11",47881739,47881739,"STAT1","chr11",47877554,47878030,218
"rs7929725","chr11",47881739,47881739,"TCF7L2","chr11",47877707,47878211,308
"rs7929725","chr11",47881739,47881739,"CHD2","chr11",47877726,47878096,315
"rs7929725","chr11",47881739,47881739,"MYC","chr11",47877737,47878097,177
"rs7929725","chr11",47881739,47881739,"STAT3","chr11",47877757,47878101,269
"rs7929725","chr11",47881739,47881739,"JUND","chr11",47877771,47878091,509
"rs7929725","chr11",47881739,47881739,"JUN","chr11",47877775,47878115,331
"rs7929725","chr11",47881739,47881739,"CEBPB","chr11",47877784,47878048,610
"rs7929725","chr11",47881739,47881739,"EP300","chr11",47877786,47878116,493
"rs7929725","chr11",47881739,47881739,"MAX","chr11",47877787,47878183,163
"rs7929725","chr11",47881739,47881739,"GATA1","chr11",47877821,47878172,756
"rs7929725","chr11",47881739,47881739,"RAD21","chr11",47877831,47878061,343
"rs7929725","chr11",47881739,47881739,"TAL1","chr11",47877838,47878114,198
"rs7929725","chr11",47881739,47881739,"USF2","chr11",47877880,47878037,1000
"rs7929725","chr11",47881739,47881739,"FOS","chr11",47877898,47877964,430
"rs7929725","chr11",47881739,47881739,"CTCF","chr11",47877926,47878086,138
"rs7929725","chr11",47881739,47881739,"GTF3C2","chr11",47878770,47879126,289
"rs7929725","chr11",47881739,47881739,"RUNX3","chr11",47879024,47879394,259
"rs7929725","chr11",47881739,47881739,"SPI1","chr11",47879097,47879337,209
"rs7929725","chr11",47881739,47881739,"EBF1","chr11",47879109,47879373,382
"rs7929725","chr11",47881739,47881739,"EP300","chr11",47879377,47880136,1000
"rs7929725","chr11",47881739,47881739,"TCF12","chr11",47879386,47880042,1000
"rs7929725","chr11",47881739,47881739,"TCF7L2","chr11",47879401,47880062,1000
"rs7929725","chr11",47881739,47881739,"NR2C2","chr11",47879408,47879748,218
"rs7929725","chr11",47881739,47881739,"GABPA","chr11",47879432,47879972,243
"rs7929725","chr11",47881739,47881739,"BCL3","chr11",47879434,47880209,633
"rs7929725","chr11",47881739,47881739,"SPI1","chr11",47879436,47879676,183
"rs7929725","chr11",47881739,47881739,"POLR2A","chr11",47879457,47880291,602
"rs7929725","chr11",47881739,47881739,"PAX5","chr11",47879470,47879734,197
"rs7929725","chr11",47881739,47881739,"STAT1","chr11",47879538,47880014,532
"rs7929725","chr11",47881739,47881739,"ZBTB33","chr11",47879542,47880026,228
"rs7929725","chr11",47881739,47881739,"ELK4","chr11",47879544,47880020,140
"rs7929725","chr11",47881739,47881739,"TFAP2C","chr11",47879544,47880060,416
"rs7929725","chr11",47881739,47881739,"GTF2F1","chr11",47879557,47880013,423
"rs7929725","chr11",47881739,47881739,"TFAP2A","chr11",47879565,47880095,148
"rs7929725","chr11",47881739,47881739,"REST","chr11",47879572,47880076,244
"rs7929725","chr11",47881739,47881739,"FOS","chr11",47879586,47879973,295
"rs7929725","chr11",47881739,47881739,"ETS1","chr11",47879593,47880113,353
"rs7929725","chr11",47881739,47881739,"MAX","chr11",47879594,47879990,302
"rs7929725","chr11",47881739,47881739,"RCOR1","chr11",47879594,47879978,801
"rs7929725","chr11",47881739,47881739,"CEBPB","chr11",47879597,47879983,1000
"rs7929725","chr11",47881739,47881739,"CHD2","chr11",47879605,47879975,549
"rs7929725","chr11",47881739,47881739,"TAF1","chr11",47879609,47879965,121
"rs7929725","chr11",47881739,47881739,"USF2","chr11",47879612,47879902,149
"rs7929725","chr11",47881739,47881739,"JUN","chr11",47879614,47879954,244
"rs7929725","chr11",47881739,47881739,"CTCF","chr11",47879621,47879851,84
"rs7929725","chr11",47881739,47881739,"ATF3","chr11",47879626,47880110,333
"rs7929725","chr11",47881739,47881739,"JUND","chr11",47879636,47879956,471
"rs7929725","chr11",47881739,47881739,"MYC","chr11",47879651,47880011,319
"rs7929725","chr11",47881739,47881739,"STAT3","chr11",47879653,47880013,869
"rs7929725","chr11",47881739,47881739,"MAFK","chr11",47879668,47879988,635
"rs7929725","chr11",47881739,47881739,"RFX5","chr11",47879675,47880005,465
"rs7929725","chr11",47881739,47881739,"TBP","chr11",47879699,47880075,591
"rs7929725","chr11",47881739,47881739,"FOSL2","chr11",47879704,47879808,498
"rs7929725","chr11",47881739,47881739,"BRCA1","chr11",47879704,47880008,334
"rs7929725","chr11",47881739,47881739,"CREB1","chr11",47879713,47879993,407
"rs7929725","chr11",47881739,47881739,"USF1","chr11",47879761,47880059,166
"rs7929725","chr11",47881739,47881739,"SMC3","chr11",47879761,47880021,562
"rs7929725","chr11",47881739,47881739,"RAD21","chr11",47879763,47879993,598
"rs7929725","chr11",47881739,47881739,"NR3C1","chr11",47879789,47880080,1000
"rs7929725","chr11",47881739,47881739,"ZKSCAN1","chr11",47879900,47880276,151
"rs7929725","chr11",47881739,47881739,"RFX5","chr11",47881540,47881870,190
"rs7929725","chr11",47881739,47881739,"MAFF","chr11",47881554,47881844,605
"rs7929725","chr11",47881739,47881739,"MAFK","chr11",47881559,47881839,1000
"rs7929725","chr11",47881739,47881739,"GTF3C2","chr11",47881570,47882129,323
"rs7929725","chr11",47881739,47881739,"RPC155","chr11",47881679,47882335,499
"rs7929725","chr11",47881739,47881739,"POLR2A","chr11",47883242,47883842,1000
"rs7929725","chr11",47881739,47881739,"EP300","chr11",47883280,47883820,311
"rs7929725","chr11",47881739,47881739,"MAX","chr11",47883329,47883725,250
"rs7929725","chr11",47881739,47881739,"TBP","chr11",47883339,47883715,425
"rs7929725","chr11",47881739,47881739,"MYC","chr11",47883342,47883716,200
"rs7929725","chr11",47881739,47881739,"NR3C1","chr11",47883349,47883672,900
"rs7929725","chr11",47881739,47881739,"TAF1","chr11",47883357,47883756,554
"rs7929725","chr11",47881739,47881739,"CHD2","chr11",47883365,47883735,133
"rs7929725","chr11",47881739,47881739,"BHLHE40","chr11",47883367,47883677,305
"rs7929725","chr11",47881739,47881739,"GTF2F1","chr11",47883367,47883823,164
"rs7929725","chr11",47881739,47881739,"STAT3","chr11",47883377,47883721,170
"rs7929725","chr11",47881739,47881739,"RCOR1","chr11",47883379,47883675,296
"rs7929725","chr11",47881739,47881739,"MAFK","chr11",47883380,47883700,268
"rs7929725","chr11",47881739,47881739,"JUND","chr11",47883382,47883702,265
"rs7929725","chr11",47881739,47881739,"MAFF","chr11",47883385,47883665,244
"rs7929725","chr11",47881739,47881739,"RFX5","chr11",47883386,47883716,183
"rs7929725","chr11",47881739,47881739,"JUN","chr11",47883387,47883727,188
"rs7929725","chr11",47881739,47881739,"FOS","chr11",47883406,47883662,170
"rs7929725","chr11",47881739,47881739,"SMC3","chr11",47883421,47883681,183
"rs7929725","chr11",47881739,47881739,"CEBPB","chr11",47883422,47883686,249
"rs7929725","chr11",47881739,47881739,"RAD21","chr11",47883436,47883666,156
"rs7929725","chr11",47881739,47881739,"GTF3C2","chr11",47883624,47883980,272
"rs7929725","chr11",47881739,47881739,"MAZ","chr11",47883654,47884118,179
"rs7929725","chr11",47881739,47881739,"RELA","chr11",47884667,47885051,179
"rs7929725","chr11",47881739,47881739,"SPI1","chr11",47884670,47884910,355
"rs7929725","chr11",47881739,47881739,"STAT1","chr11",47884682,47885158,344
"rs7929725","chr11",47881739,47881739,"POLR2A","chr11",47884694,47885235,365
"rs7929725","chr11",47881739,47881739,"FOXP2","chr11",47884713,47885213,200
"rs7929725","chr11",47881739,47881739,"EP300","chr11",47884725,47885277,279
"rs7929725","chr11",47881739,47881739,"GTF3C2","chr11",47884766,47885122,157
"rs7929725","chr11",47881739,47881739,"SIN3AK20","chr11",47884776,47885076,136
"rs7929725","chr11",47881739,47881739,"ATF2","chr11",47884808,47885328,233
"rs7929725","chr11",47881739,47881739,"TBP","chr11",47884813,47885189,219
"rs7929725","chr11",47881739,47881739,"NFIC","chr11",47884817,47885413,413
"rs7929725","chr11",47881739,47881739,"FOXM1","chr11",47884821,47885341,259
"rs7929725","chr11",47881739,47881739,"TAF1","chr11",47884834,47885190,108
"rs7929725","chr11",47881739,47881739,"MAX","chr11",47884856,47885252,351
"rs7929725","chr11",47881739,47881739,"EBF1","chr11",47884884,47885200,206
"rs7929725","chr11",47881739,47881739,"MYC","chr11",47884884,47885324,199
"rs7929725","chr11",47881739,47881739,"STAT3","chr11",47884911,47885279,312
"rs7929725","chr11",47881739,47881739,"TEAD4","chr11",47884921,47885285,284
"rs7929725","chr11",47881739,47881739,"GATA2","chr11",47884953,47885209,152
"rs7929725","chr11",47881739,47881739,"RUNX3","chr11",47884957,47885208,1000
"rs7929725","chr11",47881739,47881739,"MAFK","chr11",47884982,47885252,254
"rs7929725","chr11",47881739,47881739,"PRDM1","chr11",47885043,47885319,207
"rs7929725","chr11",47881739,47881739,"CEBPB","chr11",47885173,47885497,991
"rs7929725","chr11",47881739,47881739,"SETDB1","chr11",47885180,47886089,514
"rs7929725","chr11",47881739,47881739,"KAP1","chr11",47885202,47885886,431
"rs7929725","chr11",47881739,47881739,"E2F4","chr11",47885203,47885513,187
"rs7929725","chr11",47881739,47881739,"RFX5","chr11",47886224,47886554,140
"rs7929725","chr11",47881739,47881739,"MEF2A","chr11",47886514,47886804,235
"rs7929725","chr11",47881739,47881739,"MEF2C","chr11",47886559,47886855,135
"rs7929725","chr11",47881739,47881739,"GTF3C2","chr11",47888184,47888540,144
"rs7929725","chr11",47881739,47881739,"NR2C2","chr11",47891039,47891379,240
"rs7929725","chr11",47881739,47881739,"JUN","chr11",47891040,47891380,206
"rs7929725","chr11",47881739,47881739,"JUND","chr11",47891051,47891371,222
"rs7929725","chr11",47881739,47881739,"TBP","chr11",47891073,47891449,210
"rs7929725","chr11",47881739,47881739,"EP300","chr11",47891091,47891421,182
"rs7929725","chr11",47881739,47881739,"SMC3","chr11",47891124,47891384,173
"rs7929725","chr11",47881739,47881739,"TAF1","chr11",47891134,47891490,202
"rs7929725","chr11",47881739,47881739,"POLR2A","chr11",47891224,47891774,328
"rs7929725","chr11",47881739,47881739,"STAT1","chr11",47891233,47891709,256
"rs7929725","chr11",47881739,47881739,"STAT3","chr11",47891271,47891615,115
"rs7929725","chr11",47881739,47881739,"TCF7L2","chr11",47891378,47891882,254
"rs7929725","chr11",47881739,47881739,"TFAP2A","chr11",47891550,47892080,158
"rs7929725","chr11",47881739,47881739,"GTF3C2","chr11",47891670,47892026,150
"rs7929725","chr11",47881739,47881739,"USF1","chr11",47896563,47896613,417
"rs7929725","chr11",47881739,47881739,"KAP1","chr11",47897292,47897968,759
"rs7929725","chr11",47881739,47881739,"SETDB1","chr11",47897434,47897810,734
"rs7929725","chr11",47881739,47881739,"EP300","chr11",47897461,47897845,506
"rs7929725","chr11",47881739,47881739,"GATA2","chr11",47897487,47897791,118
"rs7929725","chr11",47881739,47881739,"CBX3","chr11",47897526,47897707,598
"rs7929725","chr11",47881739,47881739,"TRIM28","chr11",47897540,47897684,464
"rs7929725","chr11",47881739,47881739,"SPI1","chr11",47900937,47901228,335
"rs7929725","chr11",47881739,47881739,"EBF1","chr11",47901001,47901265,188
"rs7929725","chr11",47881739,47881739,"POU2F2","chr11",47901041,47901393,493
"rs7929725","chr11",47881739,47881739,"POLR2A","chr11",47901062,47901542,175
"rs7929725","chr11",47881739,47881739,"SPI1","chr11",47901475,47901736,1000
"rs7929725","chr11",47881739,47881739,"STAT1","chr11",47902636,47903112,214
